"","correlation.Incidence","correlation.Severity","correlation.GY","correlation.Biomas","correlation.SHW","correlation.GW","correlation.HI","correlation.PY","pvalue.Incidence","pvalue.Severity","pvalue.GY","pvalue.Biomas","pvalue.SHW","pvalue.GW","pvalue.HI","pvalue.PY","n.obs"
"Incidence",1,0.83,-0.86,-0.84,-0.85,-0.85,-0.9,-0.87,1,1.91597273864197e-05,5.26521880561681e-06,1.21910892239008e-05,6.34537836430304e-06,8.15749748950267e-06,3.21313660123224e-07,3.42859949409302e-06,18
"Severity",0.83,1,-0.85,-0.9,-0.88,-0.77,-0.89,-0.89,1.91597273864197e-05,1,7.30142782146004e-06,4.89532529179826e-07,1.66913104537869e-06,0.000198494556544304,7.93938196519406e-07,9.52520174735128e-07,18
"GY",-0.86,-0.85,1,0.96,0.93,0.74,0.89,0.98,5.26521880561681e-06,7.30142782146004e-06,1,7.03386238143366e-10,3.44777979499611e-08,0.000468093211479559,7.01087499610509e-07,2.30038210702332e-13,18
"Biomas",-0.84,-0.9,0.96,1,0.94,0.77,0.92,0.96,1.21910892239008e-05,4.89532529179826e-07,7.03386238143366e-10,1,6.01175198511328e-09,0.000202371641733201,4.6149925214678e-08,1.58741020328534e-10,18
"SHW",-0.85,-0.88,0.93,0.94,1,0.84,0.92,0.94,6.34537836430304e-06,1.66913104537869e-06,3.44777979499611e-08,6.01175198511328e-09,1,1.20158595446895e-05,6.58293948241351e-08,4.67188510100414e-09,18
"GW",-0.85,-0.77,0.74,0.77,0.84,1,0.91,0.78,8.15749748950267e-06,0.000198494556544304,0.000468093211479559,0.000202371641733201,1.20158595446895e-05,1,2.25836865208606e-07,0.000145264213922136,18
"HI",-0.9,-0.89,0.89,0.92,0.92,0.91,1,0.93,3.21313660123224e-07,7.93938196519406e-07,7.01087499610509e-07,4.6149925214678e-08,6.58293948241351e-08,2.25836865208606e-07,1,3.70728425735933e-08,18
"PY",-0.87,-0.89,0.98,0.96,0.94,0.78,0.93,1,3.42859949409302e-06,9.52520174735128e-07,2.30038210702332e-13,1.58741020328534e-10,4.67188510100414e-09,0.000145264213922136,3.70728425735933e-08,1,18
