"","correlation.Inc1","correlation.Severity1","correlation.GY","correlation.Biomas","correlation.SHW","correlation.GW","correlation.HI","correlation.PY","pvalue.Inc1","pvalue.Severity1","pvalue.GY","pvalue.Biomas","pvalue.SHW","pvalue.GW","pvalue.HI","pvalue.PY","n.obs"
"Inc1",1,0.29,-0.26,-0.31,-0.39,-0.33,-0.36,-0.24,1,0.250822242159421,0.30387279059188,0.218101154110705,0.107049254450065,0.186576854186613,0.137804436174906,0.334780068440377,18
"Severity1",0.29,1,-0.47,-0.44,-0.48,-0.55,-0.55,-0.54,0.250822242159421,1,0.0508123618775564,0.0706985595788898,0.0441205591625486,0.0175135963142372,0.0181845457914849,0.0217401198535287,18
"GY",-0.26,-0.47,1,0.96,0.93,0.74,0.89,0.98,0.30387279059188,0.0508123618775564,1,7.03386238143366e-10,3.44777979499611e-08,0.000468093211479559,7.01087499610509e-07,2.30038210702332e-13,18
"Biomas",-0.31,-0.44,0.96,1,0.94,0.77,0.92,0.96,0.218101154110705,0.0706985595788898,7.03386238143366e-10,1,6.01175198511328e-09,0.000202371641733201,4.6149925214678e-08,1.58741020328534e-10,18
"SHW",-0.39,-0.48,0.93,0.94,1,0.84,0.92,0.94,0.107049254450065,0.0441205591625486,3.44777979499611e-08,6.01175198511328e-09,1,1.20158595446895e-05,6.58293948241351e-08,4.67188510100414e-09,18
"GW",-0.33,-0.55,0.74,0.77,0.84,1,0.91,0.78,0.186576854186613,0.0175135963142372,0.000468093211479559,0.000202371641733201,1.20158595446895e-05,1,2.25836865208606e-07,0.000145264213922136,18
"HI",-0.36,-0.55,0.89,0.92,0.92,0.91,1,0.93,0.137804436174906,0.0181845457914849,7.01087499610509e-07,4.6149925214678e-08,6.58293948241351e-08,2.25836865208606e-07,1,3.70728425735933e-08,18
"PY",-0.24,-0.54,0.98,0.96,0.94,0.78,0.93,1,0.334780068440377,0.0217401198535287,2.30038210702332e-13,1.58741020328534e-10,4.67188510100414e-09,0.000145264213922136,3.70728425735933e-08,1,18
