"","correlation.Inc3","correlation.Severity3","correlation.GY","correlation.Biomas","correlation.SHW","correlation.GW","correlation.HI","correlation.PY","pvalue.Inc3","pvalue.Severity3","pvalue.GY","pvalue.Biomas","pvalue.SHW","pvalue.GW","pvalue.HI","pvalue.PY","n.obs"
"Inc3",1,0.62,-0.8,-0.8,-0.81,-0.83,-0.86,-0.81,1,0.00646370099398008,7.32426220024784e-05,6.61469572753592e-05,5.09055844717388e-05,1.67855995818478e-05,3.64802031738165e-06,5.29673443221412e-05,18
"Severity3",0.62,1,-0.76,-0.83,-0.78,-0.59,-0.73,-0.78,0.00646370099398008,1,0.000236443112991536,2.09631105043684e-05,0.000142796403152179,0.00997702789913046,0.000654937382409626,0.000125335927606773,18
"GY",-0.8,-0.76,1,0.96,0.93,0.74,0.89,0.98,7.32426220024784e-05,0.000236443112991536,1,7.03386238143366e-10,3.44777979499611e-08,0.000468093211479559,7.01087499610509e-07,2.30038210702332e-13,18
"Biomas",-0.8,-0.83,0.96,1,0.94,0.77,0.92,0.96,6.61469572753592e-05,2.09631105043684e-05,7.03386238143366e-10,1,6.01175198511328e-09,0.000202371641733201,4.6149925214678e-08,1.58741020328534e-10,18
"SHW",-0.81,-0.78,0.93,0.94,1,0.84,0.92,0.94,5.09055844717388e-05,0.000142796403152179,3.44777979499611e-08,6.01175198511328e-09,1,1.20158595446895e-05,6.58293948241351e-08,4.67188510100414e-09,18
"GW",-0.83,-0.59,0.74,0.77,0.84,1,0.91,0.78,1.67855995818478e-05,0.00997702789913046,0.000468093211479559,0.000202371641733201,1.20158595446895e-05,1,2.25836865208606e-07,0.000145264213922136,18
"HI",-0.86,-0.73,0.89,0.92,0.92,0.91,1,0.93,3.64802031738165e-06,0.000654937382409626,7.01087499610509e-07,4.6149925214678e-08,6.58293948241351e-08,2.25836865208606e-07,1,3.70728425735933e-08,18
"PY",-0.81,-0.78,0.98,0.96,0.94,0.78,0.93,1,5.29673443221412e-05,0.000125335927606773,2.30038210702332e-13,1.58741020328534e-10,4.67188510100414e-09,0.000145264213922136,3.70728425735933e-08,1,18
