"","correlation.inc7","correlation.Severity7","correlation.GY","correlation.Biomas","correlation.SHW","correlation.GW","correlation.HI","correlation.PY","pvalue.inc7","pvalue.Severity7","pvalue.GY","pvalue.Biomas","pvalue.SHW","pvalue.GW","pvalue.HI","pvalue.PY","n.obs"
"inc7",1,0.93,-0.89,-0.87,-0.89,-0.86,-0.93,-0.92,1,2.01790106846289e-08,5.98408873120349e-07,2.31926506066849e-06,6.37030915573433e-07,5.67109569526991e-06,2.61425681102878e-08,6.8432190580836e-08,18
"Severity7",0.93,1,-0.92,-0.93,-0.94,-0.9,-0.98,-0.93,2.01790106846289e-08,1,8.7873053722376e-08,3.21332944697161e-08,3.54360230048201e-09,2.47303494571582e-07,2.53619347745371e-12,2.373688912094e-08,18
"GY",-0.89,-0.92,1,0.96,0.93,0.74,0.89,0.98,5.98408873120349e-07,8.7873053722376e-08,1,7.03386238143366e-10,3.44777979499611e-08,0.000468093211479559,7.01087499610509e-07,2.30038210702332e-13,18
"Biomas",-0.87,-0.93,0.96,1,0.94,0.77,0.92,0.96,2.31926506066849e-06,3.21332944697161e-08,7.03386238143366e-10,1,6.01175198511328e-09,0.000202371641733201,4.6149925214678e-08,1.58741020328534e-10,18
"SHW",-0.89,-0.94,0.93,0.94,1,0.84,0.92,0.94,6.37030915573433e-07,3.54360230048201e-09,3.44777979499611e-08,6.01175198511328e-09,1,1.20158595446895e-05,6.58293948241351e-08,4.67188510100414e-09,18
"GW",-0.86,-0.9,0.74,0.77,0.84,1,0.91,0.78,5.67109569526991e-06,2.47303494571582e-07,0.000468093211479559,0.000202371641733201,1.20158595446895e-05,1,2.25836865208606e-07,0.000145264213922136,18
"HI",-0.93,-0.98,0.89,0.92,0.92,0.91,1,0.93,2.61425681102878e-08,2.53619347745371e-12,7.01087499610509e-07,4.6149925214678e-08,6.58293948241351e-08,2.25836865208606e-07,1,3.70728425735933e-08,18
"PY",-0.92,-0.93,0.98,0.96,0.94,0.78,0.93,1,6.8432190580836e-08,2.373688912094e-08,2.30038210702332e-13,1.58741020328534e-10,4.67188510100414e-09,0.000145264213922136,3.70728425735933e-08,1,18
